Workbook

Sheet Implementation Roadmap
A1: Data Governance Implementation Roadmap Template
A2: Instructions: Replace bracketed placeholders. Duration and % Complete calculate automatically.
A4: Phase | B4: Workstream / Task | C4: Owner | D4: Start Date | E4: End Date | F4: Duration (Days) | G4: Status | H4: % Complete | I4: Dependencies
A5: Phase 1: Initiation | B5: Approve project charter | C5: [Project Manager] | D5: 2026-01-05 | E5: 2026-01-12 | F5: =E5-D5 -> 7 | G5: Not Started | H5: 0 | I5: None
A6: Phase 1: Initiation | B6: Mobilize project team | C6: [Project Manager] | D6: 2026-01-12 | E6: 2026-01-19 | F6: =E6-D6 -> 7 | G6: Not Started | H6: 0 | I6: Charter approval
A7: Phase 1: Initiation | B7: Conduct kickoff workshop | C7: [Project Manager] | D7: 2026-01-19 | E7: 2026-01-21 | F7: =E7-D7 -> 2 | G7: Not Started | H7: 0 | I7: Team mobilized
A8: Phase 2: Design | B8: Define governance processes | C8: [Governance Lead] | D8: 2026-01-22 | E8: 2026-02-12 | F8: =E8-D8 -> 21 | G8: Not Started | H8: 0 | I8: Kickoff complete
A9: Phase 2: Design | B9: Finalize data standards | C9: [Data Steward] | D9: 2026-01-22 | E9: 2026-02-19 | F9: =E9-D9 -> 28 | G9: Not Started | H9: 0 | I9: Kickoff complete
A10: Phase 2: Design | B10: Design technical architecture | C10: [Technical Lead] | D10: 2026-01-29 | E10: 2026-02-19 | F10: =E10-D10 -> 21 | G10: Not Started | H10: 0 | I10: Process design started
A11: Phase 3: Build | B11: Configure governance tooling | C11: [Technical Lead] | D11: 2026-02-20 | E11: 2026-03-20 | F11: =E11-D11 -> 28 | G11: Not Started | H11: 0 | I11: Architecture approved
A12: Phase 3: Build | B12: Onboard pilot domain | C12: [Data Steward] | D12: 2026-03-02 | E12: 2026-03-27 | F12: =E12-D12 -> 25 | G12: Not Started | H12: 0 | I12: Tooling configured
A13: Phase 3: Build | B13: Develop training materials | C13: [Change Mgmt Lead] | D13: 2026-02-20 | E13: 2026-03-13 | F13: =E13-D13 -> 21 | G13: Not Started | H13: 0 | I13: Process design complete
A14: Phase 4: Rollout | B14: Deploy to all business domains | C14: [Project Manager] | D14: 2026-03-30 | E14: 2026-05-08 | F14: =E14-D14 -> 39 | G14: Not Started | H14: 0 | I14: Pilot validated
A15: Phase 4: Rollout | B15: Deliver organization-wide training | C15: [Change Mgmt Lead] | D15: 2026-03-30 | E15: 2026-04-24 | F15: =E15-D15 -> 25 | G15: Not Started | H15: 0 | I15: Training materials ready
A16: Phase 4: Rollout | B16: Activate monitoring dashboards | C16: [Technical Lead] | D16: 2026-04-13 | E16: 2026-04-24 | F16: =E16-D16 -> 11 | G16: Not Started | H16: 0 | I16: Tooling deployed
... A19: Phase 5: Stabilization | B19: Close project and report to council | C19: [Project Manager] | D19: 2026-05-29 | E19: 2026-06-05 | F19: =E19-D19 -> 7 | G19: Not Started | H19: 0 | I19: Lessons learned complete

Sheet Summary Dashboard
A1: Roadmap Summary
A3: Metric | B3: Value
A4: Total Tasks | B4: =COUNTA('Implementation Roadmap'!B5:B19) -> 15
A5: Tasks Complete | B5: =COUNTIF('Implementation Roadmap'!G5:G19,"Complete") -> 0
A6: Tasks At Risk | B6: =COUNTIF('Implementation Roadmap'!G5:G19,"At Risk") -> 0
A7: Tasks Delayed | B7: =COUNTIF('Implementation Roadmap'!G5:G19,"Delayed") -> 0
A8: Average % Complete | B8: =AVERAGE('Implementation Roadmap'!H5:H19) -> 0
A9: Project Start | B9: =MIN('Implementation Roadmap'!D5:D19) -> 0
A10: Project End | B10: =MAX('Implementation Roadmap'!E5:E19) -> 0
A11: Total Duration (Days) | B11: =B10-B9 -> 0
